Z,X,Y
0.4967141530112327,0.02449944331861953,-0.02154499960069378
-0.13826430117118466,0.3177981707408666,1.7074298681659523
0.6476885381006925,-0.7626047360398742,1.619112268228002
1.5230298564080254,-0.6314299184918273,7.797060262308764
-0.23415337472333597,-1.5445030101469908,0.6728701666885308
-0.23413695694918055,0.41003640008381337,0.7979042265440732
1.5792128155073915,0.4488020853760904,7.238495972848542
0.7674347291529088,-0.49950273022720587,0.05753865539822023
-0.4694743859349521,1.1840220260920726,6.829214581055863
0.5425600435859647,0.6699525318462745,4.211495825435739
-0.46341769281246226,-0.9488628315518113,0.21987542019934236
-0.46572975357025687,-0.6639249762200145,3.625148712288966
0.24196227156603412,0.2684880865253345,1.32559244323122
-1.913280244657798,-1.2844970101536486,-5.233150757519976
-1.7249178325130328,1.697456743514373,2.640338085567187
-0.5622875292409727,-0.09487074704147963,4.043584914094215
-1.0128311203344238,-0.5902238431178349,-2.7383865176909907
0.3142473325952739,-2.2458052814339142,-6.684550760196055
-0.9080240755212109,0.47524437611206627,1.6861349221243187
-1.4123037013352915,-1.0271754216525144,-0.06932479548612513
1.465648768921554,0.3213503742840781,8.241697401428146
-0.22577630048653566,-0.00947306401109782,1.7160666970772032
0.06752820468792384,1.3484812997081597,4.9754016922162005
-1.4247481862134568,-0.23768521981318025,2.6953087495649486
-0.5443827245251827,-2.1557405707704698,-5.867538627719554
0.11092258970986608,0.40201137959071087,3.193365093380202
-1.1509935774223028,1.8195129205949538,5.293383254906568
0.37569801834567196,1.298962016298568,7.059908502685714
-0.600638689918805,0.5164184016398341,2.1122653820196957
-0.2916937497932768,-1.0030324682312501,0.6252764622592673
-0.6017066122293969,0.6784343279256377,-1.5223459693187982
1.8522781845089378,-1.8078382366432635,0.8462439788091829
-0.013497224737933921,0.6759693306588589,5.238710249319751
-1.0577109289559004,0.8290681290179973,1.1069817960927857
0.822544912103189,0.8186166763491928,5.989019164032364
-1.2208436499710222,3.546653420556094,9.155786367761051
0.2088635950047554,-0.2204668643224036,2.1872632621467964
-1.9596701238797756,-1.2411510658124087,-2.080879775451339
-1.3281860488984305,0.08665159708799158,-0.7444410097408871
0.19686123586912352,-1.245526753583041,0.39101578724551
0.7384665799954104,0.14725071463987616,5.622633638451313
0.1713682811899705,-0.6387245695475741,2.293549204626676
-0.11564828238824053,0.01525201878105531,1.6839690748518787
-0.3011036955892888,0.1331006372833684,3.26297853976439
-1.4785219903674274,-0.9087335823526104,0.3939694310168744
-0.7198442083947086,1.5628606360678077,0.9460724023885971
-0.4606387709597875,0.3263685041249069,5.279926981721928
1.0571222262189157,-0.7974963996307392,2.318181062704751
0.3436182895684614,0.41037545835003003,5.187158217533213
-1.763040155362734,0.8452363609327049,4.440406336111765
0.324083969394795,0.51231691391287,1.7674123874570005
-0.38508228041631654,-0.6692284489921958,-0.3349623234639596
-0.6769220003059587,-0.4111013959338873,0.5853168159218775
0.6116762888408679,-0.1733891458647111,2.003229099283023
1.030999522495951,-1.621023500395925,4.774325434625693
0.9312801191161986,-1.1550695436905236,0.373236903639665
-0.8392175232226385,-0.48899790904038165,-0.347915661888454
-0.3092123758512146,1.4607536903424099,5.8664668801139515
0.33126343140356396,0.5343614062991411,2.1613189075514505
0.9755451271223592,0.008282745324491386,3.688521757819994
-0.47917423784528995,1.2367473174921446,5.389639800716705
-0.18565897666381712,-1.5616430987144343,-1.0674954711896167
-1.1063349740060282,0.9648477001149414,3.083419221420944
-1.1962066240806708,-0.9730786423215461,-1.79913144566084
0.812525822394198,0.08414187869806236,1.3581318726258873
1.356240028570823,-1.1425936049246541,3.3923592556854034
-0.07201012158033385,-3.086157896136882,0.22953516865021806
1.0035328978920242,0.44613423150295556,5.4343710714108235
0.36163602504763415,1.1888975354439943,6.370777342954539
-0.6451197546051243,1.0994673431069502,5.616700564539933
0.36139560550841393,0.9419371951515787,2.8873068054723796
1.5380365664659692,1.4746511354177785,11.661386436793721
-0.03582603910995154,0.12706853649156513,3.605055607163807
1.5646436558140062,-0.44418040468868925,7.722318472521849
-2.6197451040897444,-0.11951848571078016,-2.6347206186041556
0.8219025043752238,-0.562951147607706,6.743075306463073
0.08704706823817122,-0.16251979955873397,4.355841991309355
-0.29900735046586746,0.9898268566858599,5.637222859377635
0.0917607765355023,0.6109336196361559,4.8275573127818605
-1.9875689146008928,-0.025078393794665144,-0.5285673956395682
-0.21967188783751193,-0.1737981083473323,4.723959268496813
0.3571125715117464,0.42657789676990043,4.669544390503515
1.477894044741516,-1.604672341742233,-1.9266430235464966
-0.5182702182736474,-1.2578069613568177,-2.5273921735381113
-0.8084936028931876,-0.3595691233758069,0.6964298445231102
-0.5017570435845365,-1.0056916023186238,0.8559791963170578
0.9154021177020741,0.007001529368610204,4.27392925749054
0.32875110965968446,-0.02838573930421477,5.874296765468424
-0.5297602037670388,-0.582769481933365,-2.862382997594538
0.5132674331133561,1.3542926099282562,6.765662242536867
0.09707754934804039,0.2909441348952881,0.09154614303832753
0.9686449905328892,0.28186324135590757,6.536118559479485
-0.7020530938773524,0.9860219158618919,3.73004676202375
-0.3276621465977682,-1.1128601748771194,1.1220063743973452
-0.39210815313215763,1.4054318260280583,3.4949355011783485
-1.4635149481321186,-0.11612257658975104,3.131412287937822
0.29612027706457605,0.7097982123992579,6.947226168513082
0.26105527217988933,-2.0709575753062093,0.41675636368119073
0.00511345664246089,-1.0955949286648237,0.5574458339071624
-0.23458713337514692,0.991133895974025,5.790101662475594
-1.4153707420504142,0.8754145810273427,1.2139879130043665
-0.42064532276535904,-2.350179243454355,-0.6202151530153248
-0.3427145165267695,0.17452427111566937,6.133938556089026
-0.8022772692216189,1.0556399703371826,6.0490851568003094
-0.16128571166600914,-0.6353204844985696,0.028225523889028103
0.4040508568145384,1.122719989693198,6.5743508991544095
1.8861859012105302,-0.594233782116584,2.0545282000653318
0.17457781283183896,0.11168414402155491,4.63001562964222
0.25755039072276437,-0.6405029560968871,3.0065264996154504
-0.07444591576616721,1.5602031080157361,2.269104663317894
-1.9187712152990415,-0.6394552024958658,-3.4806349157650214
-0.026513875449216878,-0.054076469482432776,2.285798454373775
0.06023020994102644,0.47595304074009825,3.440531902110084
2.463242112485286,-0.7543465117951704,2.7672162742999773
-0.19236096478112252,0.8160337979919141,5.121483607516512
0.30154734233361247,-0.3307330652384725,3.2938021009044975
-0.03471176970524331,0.973107877279119,4.505609836043334
-1.168678037619532,-1.023158773125305,-2.310917602996634
1.1428228145150205,-2.461784135437827,1.888080203730004
0.7519330326867741,0.334299435403637,8.107312646014027
0.7910319470430469,2.965378388091908,9.150181729055314
-0.9093874547947389,1.3781194406782138,3.167823864854678
1.4027943109360992,0.30010473128019766,6.686816259788537
-1.4018510627922809,-0.8343932855735094,-1.487621924829413
0.5868570938002703,0.8391816589625943,5.279854557299125
2.1904556258099785,-0.026053581334134046,7.712882579496043
-0.9905363251306883,-1.0294950826893283,-4.363506828089275
-0.5662977296027719,0.7371837696591932,6.261525594619567
0.09965136508764122,0.6833121421447478,4.66146238057964
-0.5034756541161992,0.8825669308596746,3.1869340914206896
-1.5506634310661327,0.5991543465348639,1.6938452380276305
0.06856297480602733,0.23057703481163228,3.488857241873343
-1.0623037137261049,1.4797168704961434,0.9035755635132792
0.4735924306351816,0.818581284498368,8.33742766985598
-0.9194242342338032,-0.47611902858634814,0.751276856017836
1.5499344050175394,-0.09155818875272231,6.027789490915614
-0.7832532923362371,0.696591539724307,5.121402682092343
-0.3220615162056756,0.9352162439266911,2.3450152984242676
0.8135172173696698,-0.9404070407289719,3.286405542667018
-1.2308643164339552,-1.116938894596991,-1.615456445642502
0.22745993460412942,0.015979089556520776,5.066689631452223
1.307142754282428,0.7387411085118278,2.1837415077443074
-1.6074832345612275,0.09831387085414485,0.5872142893839105
0.1846338585323042,0.3067414246442714,2.6847923255190764
0.25988279424842353,-0.30973816677673993,3.634873759087467
0.7818228717773104,1.4976529623928159,8.108128607188002
-1.236950710878082,-2.1490415219241163,-4.568760899809408
-1.3204566130842763,-1.5485224660773933,-3.502077580133288
0.5219415656168976,0.6939977714634387,4.949577154237565
0.29698467323318606,-2.066669485313331,-2.481146415407299
0.25049285034587654,-0.6715505791602248,3.716605508102619
0.3464482094969757,0.5847751089261608,3.9508081312028933
-0.6800247215784908,-0.2985943855487893,-4.431202292108598
0.23225369716100355,-0.43084399098506565,1.737048450527762
0.29307247329868125,-0.4391571851043957,0.484206698051286
-0.7143514180263678,-0.1114528633681604,-1.5569844846977634
1.8657745111447566,-0.7192715529127989,1.885265384446392
0.4738329209117875,0.8085028059159203,5.546571936865463
-1.1913034972026486,1.7725265384995659,7.41537948769162
0.6565536086338297,0.3952753689708133,5.401750098622331
-0.9746816702273214,-2.3611608143738185,-4.397350910520099
0.787084603742452,1.3919760647273758,7.876387425409836
1.158595579007404,-0.19656448488501288,3.426583778303097
-0.8206823183517105,0.3174496650428206,1.0146751142317867
0.9633761292443218,2.0918259025731936,6.319990662546902
0.4127809269364983,0.20478201134176777,0.5250777995848446
0.82206015999449,-0.11872110195507912,3.2158006229626865
1.8967929826539474,-0.9756232988884365,4.210049856044312
-0.2453881160028705,0.06335731172566161,2.565385109417238
-0.7537361643574896,0.8930661538364884,2.8235942052420255
-0.8895144296255233,1.3667988114824845,2.5078338571331216
-0.8158102849654383,0.06464468834216514,3.12206633260611
-0.0771017094141042,-0.2677469712789059,-0.28541034657213826
0.3411519748166439,0.12046142829897916,5.3047066465098744
0.27669079933001905,-1.2121251960633612,-1.0136482309851433
0.8271832490360238,1.9492011832613865,6.634306765370738
0.01300189187790702,-2.4541394342157514,-4.822346411845997
1.4535340771573169,0.1355707654983495,4.448638352961401
-0.2646568332379561,1.5293106656541806,7.612260998407384
2.720169166589619,-0.5449948140478877,7.021520298676566
0.6256673477650062,-0.10009195942475524,5.695161326854069
-0.8571575564162826,0.3385557203618725,3.4356601979671932
-1.0708924980611123,0.2787666212387487,-0.2561451616749095
0.4824724152431853,0.5875981728649416,4.237326519939547
-0.2234627853258509,-2.7066759796146758,-4.308944395453053
0.714000494092092,2.0038192952904335,10.739789139797086
0.47323762457354485,-1.9152008492192998,-2.514122554430905
-0.07282891265687277,-0.37896890423292706,3.9202142013270582
-0.846793718068405,-0.1542183707863859,3.2072804215421593
-1.5148472246858646,0.10438104233890211,4.595731651081182
-0.4465149520670211,-1.5454365988107677,-1.5800188109810618
0.8563987943234723,-0.20484008137715937,5.299562347891214
0.21409374413020396,1.7236258013112455,11.331695891895482
-1.245738778711988,-1.203283037521542,-2.5104575969784593
0.173180925851182,-0.606790699155439,-1.0238905045988242
0.3853173797288368,-0.44174480881640954,-1.0655336158550912
-0.883857436201133,0.4160683067296952,3.9317745168803535
0.1537251059455279,0.29539275462432596,0.05507275204977624
0.058208718445999896,-0.529529842011979,1.2836152877691962
-1.142970297830623,1.1699424998579961,4.500055927047979
0.3577873603482833,1.8669603611106966,7.640952836403646
0.5607845263682344,-0.4056065622899252,3.8808533933408462
1.083051243175277,0.7809066936643237,6.630969963693271
1.053802052034903,-1.0216239433529697,5.095186817973202
-1.377669367957091,-0.9320063416551566,-2.8351494967235435
-0.9378250399151228,0.49270212348231857,1.2246764101748906
0.5150352672086598,1.1331201846325873,4.493474379536517
0.5137859509122088,0.0241628900101859,5.479388330113905
0.5150476863060479,-1.0143606664230012,3.5446473734031967
3.852731490654721,0.8740797770168237,11.429707428652748
0.570890510693167,-1.8723393516653601,2.478644396488886
1.135565640180599,0.2580627274574131,2.863392180432964
0.9540017634932023,0.5231294295388105,8.811709727419698
0.651391251305798,-0.004628144360859732,7.014307831661494
-0.3152692446403456,-0.6175169869055154,2.7633061537199444
0.7589692204932674,0.8897492659889155,9.481550180259852
-0.7728252145375718,-0.7734650481625298,-3.019414333486965
-0.23681860674000887,0.07336446648607853,1.7426047503368398
-0.48536354782910346,1.6820482625366369,4.165444281965714
0.08187413938632256,0.8255488631406975,6.216867582875565
2.3146585666735087,-0.9521393615359786,2.4674276477340147
-1.867265192591748,-0.4926314505216454,0.7288296087440584
0.6862601903745135,1.061080411965986,8.892623397487169
-1.6127158711896517,0.02567537550764612,2.0226827443988133
-0.47193186578943347,-0.7420168677602802,1.3755705131182916
1.088950596967366,1.256393682406299,5.170466578462149
0.06428001909546277,1.4415087405031919,4.285735577398849
-1.0777447779293061,-0.6739245665529494,2.534771510593475
-0.7153037092599682,-1.3846003929631614,0.7165416579943895
0.6795977489346758,2.1127751906325978,8.16690796591212
-0.7303666317171367,-0.9633757182639208,-0.8581204756353278
0.21645858958197486,0.10572410937322974,-0.5154796431033319
0.045571839903813784,-2.014244841887463,-3.101836761288083
-0.6516003476058171,2.1824520071264684,10.210341667123657
2.1439440893253257,-1.6130092132656466,0.42898656545176195
0.6339190223180112,1.5503225217885581,7.430483219496294
-2.025142586657607,0.8531234748746545,3.6834210161532948
0.18645431476942764,-1.230733540250642,-1.6916309443517277
-0.661786464768388,-0.12254477333414282,2.131651705741299
0.852433334796224,1.5005167685209697,9.155514614257585
-0.7925207384327007,-0.0836694173785093,1.668878701408431
-0.11473644146689901,0.48262280042130334,9.529947049975796
0.5049872789804571,1.6856001275411636,3.7914826557966217
0.8657551941701215,-2.071619977057485,2.2728498969079705
-1.2002964070557762,1.2925738024356204,3.4390995194946474
-0.3345012358409484,-0.5076141958579153,3.026860064196097
-0.4749453111609562,-0.8817423141935151,1.4067117082700271
-0.6533292325737119,-1.7153002412683107,-2.8769067256171823
1.7654542402810969,-0.07222743488165964,5.961719275577007
0.40498171096095553,0.14370228882264569,0.17907424129015004
-1.2608839543350452,0.037890995729694316,2.3909510610996083
0.9178619470547761,1.9279194110518099,8.828948674666833
2.1221561970126332,-2.4480435113372865,2.5644676101305817
1.0324652605511468,0.17493933707773152,7.014813215156483
-1.5193699659540134,-0.638558948176473,0.17906683513545552
-0.48423407286625136,-0.24118862672063485,2.0874504768559055
1.2669111491866227,1.723173583516152,6.584577217489653
-0.7076694656187807,-0.21125228899803067,0.09154969627766585
0.44381942814622843,-2.9567197845063387,0.12575881356132745
0.7746340534293368,0.17106360796764153,7.376749107491245
-0.926930471578083,0.7159020079943708,2.5651874359975086
-0.05952535606180008,0.4422974506679034,3.8873123617496548
-3.2412673400690726,1.5051601880453387,-0.6608093840004643
-1.0243876413342898,-1.531390476188732,0.7461512761559908
-0.2525681513931603,0.7648965174684884,5.481774455230794
-1.2477831819648495,0.48565026402548483,5.982060628031194
1.6324113039316352,-1.834200614680867,0.02356957217624145
-1.4301413779606327,-0.13230199481341764,-0.1658318546042188
-0.44004448669698376,-0.8719448023025548,1.0589355104005593
0.13074057728609134,0.5365239145035728,5.5621377703878245
1.4412732890661155,0.8933315438354709,6.51723774617485
-1.4358621511794394,-0.1826595036599638,-1.2650344149964878
1.1631637521549596,-1.2218644614979013,4.063831763083779
0.010233061019587049,-0.12405180735937636,4.209516701901791
-0.9815086510479509,-0.48069708887321094,-1.2662053554457982
0.46210347426327075,-1.014966672065233,4.374107469475431
0.19905969557347003,1.8390380529473505,9.317063067648114
-0.6002168771587947,-0.9521351154614701,0.46399744783445346
0.06980208499001891,0.7623370591542277,4.788572970545557
-0.3853135968617602,0.3080330607527005,4.146211268444574
0.11351734525124804,-1.6590362763994555,-1.8712026754345552
0.6621306745210467,-0.753799570525927,2.5456598290578802
1.586016816145352,1.5481637413916678,4.1705856177830025
-1.237815498826849,-0.5028143727423896,1.8905592972808183
2.1330333746562666,-0.8573989925633624,1.3617656319739564
-1.9520877995225019,-0.20355558352699255,2.67159679052026
-0.15178509503558332,-0.13471217726905282,1.842657814975619
0.5883172064845765,0.0024567774117761343,3.4640554006880633
0.28099186773503265,-1.1491934977785783,-0.13236700612361885
-0.6226995198205938,0.3459245652222662,2.1817221028694886
-0.20812225035727522,1.933188966063061,9.391257246886283
-0.4930009346588328,2.225357809498191,1.7355969039379735
-0.5893647569442115,0.08228268679507739,4.834449010350213
0.8496020970210246,-0.3890203344151054,4.172409438904743
0.35701548596504734,-0.7895297272827828,-0.45757952133242563
-0.6929095952606542,0.47306927867018617,0.7561493783509157
0.8995998754332507,0.8779364623825681,9.458058792331418
0.30729952087660933,1.2564613208521038,4.082858163133659
0.8128621188389601,0.7841462495720907,3.480884656210703
0.6296288419236122,-1.342231398661811,3.534609550291255
-0.8289950109220723,0.7179023909013942,3.8694180179915088
-0.5601810401969696,-0.5020394525461516,-0.7202016184605553
0.7472936051232618,-0.4714511503000559,3.611288057894019
0.6103702654334648,-0.12767237349472788,1.608705283880187
-0.020901593964148132,2.2639224115691663,9.698135229037321
0.117327383308782,2.6606845651098423,10.620102134929125
1.277664895788425,0.6208136378207468,7.222137016968018
-0.5915713888358299,-0.18775611704248965,2.4604528051553087
0.5470973811700379,1.0774534313963393,9.497929184282484
-0.20219265243389406,1.1250045423138124,4.946092760753234
-0.2176812032272203,-0.33318110492976366,-0.35663226554196026
1.09877685198719,2.2040945055124657,9.95530211467033
0.8254163489880298,0.9251745337000588,10.260567689956389
0.8135096360006385,0.7766482422673253,3.744041952163904
1.305478807154329,0.6711005619761516,5.577493801295826
0.02100384163275905,-0.2343315055606241,3.395734827530796
0.6819529712949639,0.3063836689319259,4.527887096794819
-0.31026675659345604,-0.769865538724257,-0.9697383730933272
0.3241663524884421,-0.8630578550256721,4.003849531142261
-0.13014305436768459,-1.1936398844644178,5.057587093554156
0.09699596499271819,0.46782619306878,4.473409251674451
0.5951570254369136,1.0437828806904794,4.172164720064329
-0.8182206832334725,0.4225234771223402,-0.480205120712478
2.0923872756854602,1.9177432552606382,10.490019386491827
-1.006017381499702,0.026641188576013566,3.7520109915349895
-1.2141886127877322,-0.318991627584423,1.4910693186403188
1.1581108735000678,-1.5613685730486915,1.6096214823150112
0.7916626939629359,-0.45914348033520874,2.090663776695374
0.6241198170521551,0.09069038614522373,1.9332332324325012
0.6283455092642799,1.1490664757412463,7.910153868028677
-0.012246772846914623,0.47140846850766643,5.751990020516132
-0.8972543714858315,0.5377816739905915,-0.36177778262903004
0.07580455819372633,-1.6245951821459135,3.04419442936013
-0.6771617115121117,0.38833386761836663,3.9090676097565686
0.9751197334177512,0.964716892120842,9.191302674659898
-0.14705738150213865,0.40666203054754657,0.9084824918716552
-0.8254971967925115,0.1939643896107398,-0.5819653267981653
-0.32138584165299344,-0.10146115606310409,2.017060305859708
0.41293145427562433,-0.18702525064243794,4.250915533918949
-0.5637245528039747,-0.5751130282857032,4.596908760076559
-0.8222203955664315,0.779115410727467,4.737058055735551
0.2436872114919123,0.42249595446609706,3.725160172545996
0.24496657110872277,0.7104879328659742,2.7356873070632486
-0.5069431753711298,0.06928829472559028,4.838162971832786
-0.4710383056183228,-1.6785658521505824,-2.9931000142300785
0.2320499373576363,0.3547037275287439,7.314419470638586
-1.4480843414973241,-1.7557980234593815,-3.252491858377768
-1.4074637743765552,-0.39561580842348376,3.2787368668239005
-0.718444221252436,0.010039562706283145,3.300275373652469
-0.21344715171184725,-0.5043953408654713,1.3970476118163697
0.3109075655980046,0.47487987101694207,3.377328346778638
1.475356216949552,-0.2839842692133123,3.9632500323055435
0.8576596232020194,0.9543006873028717,7.051724194159247
-0.1599385299634271,-0.9863781310492108,0.9416489353918712
-0.01901620790268883,0.9236887850230407,3.6312304420546377
-1.0025293646378088,-1.034270614838599,-0.9035980972691756
-0.01851313599238993,-0.6423993633724445,1.8445856287048257
-0.2886586389201383,0.3392904700435243,-1.0118752071227832
0.3227185603380895,-2.515691017285384,-0.6309679644862367
-0.827230943552323,0.5003327713702487,0.8003766779783996
0.5193465142411723,-1.0370264327685694,-0.6016979005868706
1.5327389130025777,-1.0630245360429902,-0.20162939680353453
-0.1087601484568576,-1.4625690020108144,-3.676063222442696
0.40171172209894146,0.6261539045491475,2.1439803860221285
0.6901439917111125,-0.030977642860543053,2.555218786584602
-0.40122047188583626,1.4544629234030142,9.21361341403041
0.22409248181041677,-0.5494537328072637,1.18547190531069
0.01259240078179486,-2.1739919371295446,-0.9735950605503343
0.09767609854883172,-1.3381655655444142,1.2711457897470764
-0.7730097838554665,0.7934102629934883,3.6894362226354738
0.024510174258942714,-0.24237120789837902,2.3971359241396684
0.49799829124544975,0.3075669435805708,1.9715437968308267
1.4511436077950417,-0.5259323456128905,7.0267058170252055
0.9592708260852069,-0.3049979627708256,7.443303600861929
2.1531824575115563,1.852983979649265,6.570424257320493
-0.7673475628880495,1.3438373913169932,2.4885962565291533
0.8723206367206782,-0.694305015119044,2.3602502400889174
0.18334200573835174,-0.806095342384,-0.2662532659808552
2.1898029332176723,-0.7162729309917081,5.864089644754823
-0.8082982853551515,1.1732853633563542,2.677578893866755
-0.8397218421807761,-0.6247959905409763,4.820937391260088
-0.5993926454440222,-1.2011066189678943,2.07979498258537
-2.123895724309807,1.4224419881826371,3.0841884511649935
-0.525755021680761,-0.35150981307212037,3.562320367974082
-0.759132661553698,0.40384468141623997,4.880791219216551
0.15039378647620763,-0.6088490444968235,0.8799976146041779
0.34175597577715944,0.4204699304936317,2.721139335569073
1.8761708392158862,-0.14347754590487805,5.683587292953368
0.9504238381860503,0.9062004856576701,7.9613089775903045
-0.5769036556624031,0.6585403995506609,3.7298461129145526
-0.898414671348358,-1.6162017907685355,-4.734018552941603
0.4919191715065057,-1.268368545068463,-0.4045072207788518
-1.3202332070206422,-0.48983563132676755,-0.10796680037325432
1.8314587658543537,-0.5817562688655294,4.432344402398812
1.179440120721287,-0.2660987454464152,8.182047043768717
-0.4691756521047048,-1.357305066766076,-3.1903494964872054
-1.7131345290908775,-1.5954229578901615,-1.7493692257448898
1.3538723741654128,-1.4897643913368244,5.02950599523105
-0.11453984525261789,0.8074742833711567,8.98603828970898
1.2378163119734618,-0.25910280244944744,3.529724016693375
-1.594427658794367,-1.2451930446782231,-0.8991686721075973
-0.5993750229537729,0.4451472484030411,4.130752676772717
0.005243699718183166,0.046171992744233115,3.4911729981723227
0.046980593764742055,0.0878215450064801,3.0484235781814615
-0.45006547147924364,2.171475933201445,7.539804438184117
0.6228499323474987,0.9620635075056175,0.7939097430931126
-1.0676204293825944,-2.0104865702985197,-1.2582648045456686
-0.1423794850212935,1.5803992438569179,6.199585067505829
0.12029563171189886,0.6500566350705242,4.035606924152366
0.514438834058749,-1.2736797969801419,5.318023048566955
0.7116148780888898,1.4828747146793897,5.6833037089110094
-1.1246420918378692,1.8160469231128828,4.138978730338901
-1.5341141707356223,-0.89460092020361,2.8927335078988143
1.277676821898509,0.1649983514362784,3.5823893260206074
0.33231401197959165,0.695902351653431,3.7900451554031713
-0.7484865365565536,0.7354153748662666,3.054050098036003
1.551151975522523,0.5799828376880655,8.168162602919013
0.11567463429285867,0.4748853558321252,4.538887677810164
1.1792971840638264,1.15493013413441,4.493555350060035
0.06751848141010895,-1.072554250166271,-0.10816790447175773
2.060747924881987,1.3164657461462648,7.509344513191087
1.7553408424432044,1.7058436610826746,8.890256495384065
-0.2489641484790735,-0.4118671088394704,2.6545068768621074
0.9715709509543554,-0.4630817834833656,4.367604371240746
0.6453759495851475,-2.053512099566239,-3.6909837828515606
1.3686315575323487,-0.468923538670166,6.2429822340799035
-0.9649234605801045,1.600161006684305,5.2580745144917005
0.6860514599984393,-0.6137951998601525,5.570550885465167
1.0584244868495878,1.0137265480776168,7.50348648101096
-1.7587394864231143,-0.47248388092440086,1.619568923988051
-1.183258512665775,0.7183092747981507,3.5948214034978925
-2.0392321777601006,-0.6117957324224672,1.410011780920411
-0.26940683444455776,0.40668459330563456,4.4537602069799895
0.7175422557959623,-0.46589297718730505,2.9486969364335254
1.502357052096028,0.14174706514773583,10.081899149333278
0.07409478041977519,-0.22823695358920876,4.43274250801103
1.6286155455712918,-0.25581815876344133,6.078775842838882
-1.3801014582148914,1.6297199594515026,1.6366788985039964
-1.7033824393551547,-0.19127676141909178,-2.514242416797991
-0.05554769889661878,-1.2391382077137707,1.0238330005112373
0.3840654489393073,2.081024538539127,8.029189646023696
-0.03269474809409311,1.968191007433149,5.659094762708526
-2.0674421000398766,-1.201751915753765,-2.222701582343225
-0.08912003951278841,0.041291831267271095,6.126157459352552
-1.3044695005048532,-0.3031307946750223,1.8278391089932728
0.6696725488300385,-0.062191231564854954,1.5981093406098714
0.36659824609684827,0.029915788138615285,3.3867112911366153
-0.9398797863273552,0.05877420906122463,0.09779577692629471
-0.5138669173366935,-0.16462412986957864,1.1245515314386803
-1.0592135218889516,-0.6799052639482286,-0.7758621419891701
-0.06267909727317188,-0.7617754091817606,0.42713937051871065
0.9551423205012383,0.019285264087174236,1.9610132649794165
-0.9857260463355437,0.05319829969492888,1.3724981668501621
0.5040465155178444,0.5850815679794457,3.805017635541037
-0.5302576183724408,0.964806888528392,-1.724670030506413
-0.7928728322623442,0.6068647757580184,7.130364352125847
-0.10703035995455783,-0.20338243081777674,4.610228906865954
-1.035242322419374,0.429983692976766,1.5545024524744786
-0.553649305347182,1.1445614873443066,4.496287116149037
-1.1978778925888485,0.8085929465542536,0.47706035959011084
1.9647251329163893,0.006727275924200499,9.351988006844715
0.03526355197172861,0.1305333002150395,7.108539317933895
-0.6997255079925856,0.3777373240376446,3.0192738425794596
0.213979910734222,-1.6629226494319478,2.042185855608127
-0.11232804969082982,0.5788943394869118,4.339870162305427
-0.22096959953322298,1.1815800394770468,2.3582548019023974
0.6141667000434252,0.07166614799712157,3.2409356081320664
0.7575077100473051,0.23527360035909256,4.870664699333057
-0.5305011476105275,0.08538746179347723,1.4659277646842748
-0.57581824064468,0.012987514530708788,1.7249411132243253
-0.275051697151644,1.6712937910888375,5.74721092143198
-2.301921164735585,2.0589810424596697,3.50332334208504
-1.5151910621985523,-0.8529946159714412,-0.8742588442457446
1.3668742674445247,-1.3737005057891762,0.18170025679523283
1.6449677135012837,-0.08863056093624427,3.856158150123564
-0.24903603955637832,1.045702722048073,2.14868285336164
0.5765569630557664,-0.2913404481486597,5.237785647658731
0.3112501545435361,1.6630268852745482,2.581635118683751
3.0788808084552377,-1.7823518886242988,6.360798122068109
1.1195749114345768,0.47418947286990587,8.400440107417364
-0.12791759148076653,-0.24467014184500768,1.7144221551235919
-0.9555404406004258,1.5329613301614131,-0.5736621762324097
-1.6064463202575725,2.855997278784821,5.5797039532487025
0.2034636358672231,-0.966474680590649,1.243877770041898
-0.7563507452843033,-0.43721477303263717,-1.0301521038495562
-1.4222537095976742,1.3258833029163468,2.4879492538196972
-0.6465728842425266,-1.0963135162560305,2.897904038850852
-1.081548003614395,-0.9258156239226262,0.8559010713366371
1.6871416350725648,-0.7374397367426372,2.206704750367373
0.8816397569494505,-1.2883811044840652,-1.4495009127348188
-0.007972641316617372,-0.28976681904046064,1.754472764724611
1.4799441388900259,0.5893718687699523,5.971746387174067
0.0773683076476183,-0.7752466217284664,2.5579575927411273
-0.8612842013282637,1.5359076550673327,3.709255583006952
1.5231240772696573,-0.4854519179953185,5.336781430637571
0.5389100436846587,1.8162516308275387,11.311176407302526
-1.0372461543264564,0.7517888579863904,4.578710529371621
-0.1903386780836082,0.3244229468007368,3.267160861814516
-0.8756182533847572,1.3024031589574425,3.92507799573116
-1.382799730964336,0.6363147691694819,1.4850836735327175
0.9261775475316414,0.9597935353028498,8.67013521680745
1.9094166404701305,0.6925918023685944,5.9946816735397785
-1.3985675738191412,-0.7404078248944763,-0.4882215925176992
0.5629692366905709,-0.6139239632132263,2.719001732371574
-0.6506425691218269,-1.1702428378202623,-1.320017914946329
-0.48712538376469605,-1.0520245546425928,-2.579668280700431
-0.5923939242388692,3.297288149037083,9.351934418951199
-0.863990769679816,1.722332185022042,5.026670271813592
0.04852162794482699,-1.3068709230620976,1.459521534666185
-0.8309501164110378,-0.5836929162159392,-0.4810116199267689
0.2704568257798388,-0.08897849534826102,5.669370845599332
-0.05023810944913695,0.45043506773810793,2.0719654088788206
-0.23894804686640975,0.19047267501596193,6.4466038477680945
-0.9075636620415979,-1.1882241020902278,-4.233066716899375
-0.5767713305683327,-0.16679460292424986,2.670793927412783
0.755391225825756,0.26700576996771563,5.6179597437273125
0.5009171876243808,0.8426178779143959,3.8454974013835983
-0.977555244798551,-1.9038945304701462,-1.425334052416094
0.09933230542922587,-0.7418930427397963,4.224249712184564
0.751387123371789,0.07563984890678055,-0.15527729583688377
-1.6694052811213718,0.7857282666711884,3.0728382266419487
0.543360192379935,3.276307854337718,5.381114356585183
-0.6626237589458467,0.25423961604938844,0.583213986633591
0.5705986685931593,-0.7932493045341378,5.527732123623354
-0.7632591565425169,0.7356981139417257,2.162943426285568
-1.804882100664519,1.0270621970613056,-0.0009586856921117715
-1.6275424378831627,1.3623876434191458,2.887586172044183
0.048084946661381994,1.3784723573517654,9.964884811022708
0.25972250172148187,1.8121188539364044,3.3504569660429784
-0.9043166251044086,-1.6906971519704213,-3.8404890648761443
0.6385924587773739,0.5440752002670565,8.040902455059427
-1.6615200622689599,-1.8106008127629643,0.6019229681460967
-0.06607979864731657,0.717096503434639,4.128210860317735
-1.2110161997624567,-0.9924878046354287,-3.2796053139678274
-0.6518361078021592,-0.6503850645392055,4.913162712836668
0.047398671316414016,-1.092441447871304,4.075099894730407
-0.8604133652839524,1.2326167726295674,5.532507472857672
-0.38455554422982535,0.6521040241114582,2.102570034003338
1.0062928092144405,-1.8306757943015284,0.7500289435425306
-0.5768918695231487,-1.381196995640976,-0.9484519576563366
0.8356921120651418,-0.7233373072744907,3.4685661627798865
-1.129706854657618,-0.3723791123404625,3.46268436959532
0.5298041779152828,0.6136125568495645,6.78076546284686
1.4415686206579004,-0.5370309167489556,1.933538943519423
-2.4716445001272893,2.1256104561646323,6.296747062177406
-0.7968952554704768,0.667346953398208,3.765615303617012
0.57707212718054,-1.876810220348383,1.4861193417918765
-0.2030453860429927,-0.41387805426120927,4.800757530970298
0.37114587337130883,1.4044234346217435,4.1424051802733475
-0.6039851867158206,2.7019093848120788,7.426189832137501
0.08658978747289992,-1.6360603504779347,-1.2051451224649496
-0.15567723539207948,-1.981761260227528,-4.332757224274087
1.1677820616598074,1.4319738819935017,8.309040811686554
0.2544208433012131,-0.023825999649026153,8.357092368822615
0.3376026620752022,-0.9815321778271299,-2.136815851552962
-0.4118769661224674,0.7183118395305244,3.7542470077784067
-0.48760622407249354,-2.178955425900253,-0.8082343177596993
-0.4325581878196209,-0.3982139687430114,1.8008911840969084
0.39445214237829684,1.074165457322846,5.513753023181657
-0.42098448082026296,0.7887083390165454,1.3475072299110473
0.2897748568964129,-1.0245795994667557,1.8510765722914353
2.075400798645439,-0.28791867817055267,4.0237358875952
0.8711247034316923,-2.137544756196058,-4.348245867201684
-0.32602353216784113,0.6974064538548419,6.294962050485383
1.2012139221639448,-0.5269243738168075,5.664743775296388
-0.4080753730215514,-0.5487646177193273,1.3936796587311782
-2.038124535177854,-0.9623200361777932,-1.523677498710962
-1.008086310917404,0.9091058506757068,5.45471826040643
-1.8707919210258557,0.07717818821339395,0.7968478084441694
-0.35151348404130867,-0.4991469086305612,3.2824710661995438
0.0184183791895517,0.4353703347709419,3.3034038365785108
1.6764373122752827,-2.075736126218169,3.9871511931244794
0.32692737376416264,-0.15289768192347242,3.8261671486646667
-0.21910052880886424,-0.7284955193534473,1.6024620552915572
0.8294055811834892,2.854008082246738,7.412002358844645
-2.211135309007885,-1.1297877669229055,-2.0023667887542214
0.23561455810856594,0.6566113307996827,3.002734663773312
0.7708651938869668,1.5792284506943937,6.038189239162249
-1.4785862457798415,-0.08665938390888822,-1.021949393119781
1.143754043206929,1.353494265687943,5.29014973238783
0.3384964074944141,0.47239007122233434,8.702067559720213
-0.4152879139008013,0.9634778703822864,6.966701993890177
0.6327818661062848,-0.5610315625067438,6.667844678434462
2.270692857804396,1.2544088073426134,6.469066862280693
0.18186625505849516,1.31087748397617,6.037061850361868
0.24822058630033608,-0.2791244838646404,0.2270666613130321
-0.4593608995402441,-1.2310264169601548,-1.5424839376248038
-0.8498443694647918,-0.38649455693731827,-0.8840096349049742
0.8303358165442456,-1.2138336747220062,4.297004388255479
-0.8560838259088672,-0.020452633092167723,0.8825096387488441
0.07156623721939247,0.7013686286913358,6.646845280599793
-0.4776574467651167,-1.9179768968340936,-0.34419818463882623
0.47897982574639186,0.17545652076725904,8.676660284363685
0.3336621052869483,0.5099901553514928,1.5615850223539596
1.0375399442578992,-0.3330353355656346,6.408705724829177
-0.510016398854747,-2.751754686339574,-0.9756522301598136
-0.26987493529337125,-0.29712316426269786,0.05418359248047788
-0.9787637157823074,1.240031427135322,6.0261839535435024
-0.4442932600761116,1.2104758102645652,5.426801656467421
0.3773004930448522,-0.8559039181207724,1.3991903834189179
0.7569886166453519,-1.9680009265942942,-1.4483899021645597
-0.9221653241776254,1.3071496555402287,2.792832421915647
0.8696059201056602,-0.9583444783878969,6.487344114954548
1.355637858804951,-1.589262662415488,1.856297101291416
0.41343490322370086,-0.8657171508042403,3.452978056289989
1.876795812558066,-0.6611896617852058,2.9110156319315816
-0.773789199103573,-0.543409506540815,-0.8072087041802671
-1.244654703311417,-1.393226827864289,0.5105339078041808
-1.7787202489042786,1.0586058334451467,-0.250021129569189
1.496044311489183,1.1486982902155785,6.711035511854388
0.6543656563540577,0.5056163568817337,5.060836020439018
-0.05558467091045507,-1.9192810747731452,-0.6991939522318682
0.2799686263198203,0.24006335462606151,3.541893078699541
-1.1254890472983765,-0.04543991373585908,2.0125261637725638
2.4457519796168263,0.5085544327665974,9.071448346594057
0.1292211819752275,2.264894272640511,9.192895409162524
0.10939479460489289,-0.5847973445956527,0.022889885380380504
0.725766623898692,-0.2938999686340317,2.93253980272238
0.4810092317367132,0.24410160651246945,6.599242784383884
0.22388402427913137,2.030045176745144,9.18521076505673
-0.7904744554453119,0.7611417450936053,0.5908529040571149
0.4714683571359957,0.06991769821683558,4.549997732842068
1.8820244964750337,0.5434410952169627,2.9534684363968555
1.3454200461549777,1.0763871024340068,7.264774078221219
1.593186626639397,1.3464116840682703,11.878137341587589
-0.5112156764311852,-0.3210638773162462,-0.3047367038172426
-0.9896048202585809,1.179709022295815,2.2063647232205943
-0.12578692009964815,1.338411453406584,7.016202089809415
0.055724912288694604,-0.40911626586478067,-0.8202481937158113
1.0941915184709485,-0.05310612983813362,3.269564958260078
-1.6924646297148194,0.5389419537879991,2.7320692381672744
1.5295503194606137,0.04000646777214795,4.10576671935641
-0.15800789857898942,-0.12448265052752455,2.042082876654524
-0.42688106994742003,0.8262890822334654,5.50062798017587
-1.0121043752601675,1.53256970852311,5.390075021229092
-1.6548566718657693,0.8697189206138873,2.7907896260199236
0.8231705839619146,-0.28692569840965215,2.98265992058349
0.07331796718840389,1.153110113564214,6.156319408448945
-1.2899608997410539,-0.0012614439059670524,0.8150704023769718
-1.295078772063616,-0.1358394071803275,1.7013142473954903
-0.3357846992901282,1.8214160780694892,5.14529105696783
1.669021525289393,0.4880643823153408,6.114523103805688
-0.2595913513636048,-0.8874546242419424,-1.1442118606333198
-1.5031429531181062,-0.42590299046819374,-0.17653563062601868
-0.24574306408594432,-1.6208298014158282,-2.2322759262182625
-0.2727235697476705,-0.5706083595238791,-0.7783949739932505
-2.6968866429415717,-0.46408023109230334,-1.456168130886188
-0.05429486651781221,-0.9127020213387105,1.5186332092611814
-0.23093453020867796,0.6093113597319786,5.4379683940480845
0.6962063648134184,2.1970589947959542,7.576176397661838
1.8489560949453452,-0.6179395935401326,5.353660649011264
1.1265650295477574,1.6821820819328521,9.155806852734667
-0.26888869055483056,0.6079842393162628,4.702183058463469
-1.1065259087416703,0.8539974392187131,1.3968986497206362
2.5733598032498604,-0.4885926321212915,6.181581405174586
0.05921843401448826,0.706824521997101,5.2307572871252574
0.013929291912946203,-1.007703412260506,1.0198440471642913
-0.024125087110003277,1.5490462686404887,1.8889495898738033
0.19808476076785494,-0.33143194284628935,2.955242503406164
-0.14436041192394247,1.1231905005493064,9.454902462007183
-0.5736620068802363,-0.517037071954919,0.38535430825584205
-0.5468589412403921,-0.9541041057721441,-1.1846508191155187
-0.03275327021599839,-0.4636992312509125,2.7701687515969735
-0.543424771133765,-1.252258997771417,0.30510126868966214
-0.7128457826771644,1.1117035653796776,6.539608787576437
0.10643022769189683,-1.3785718376096867,-2.1132346454993036
-0.2549772174208553,0.34852309651921276,4.7773408720571275
1.5039929885826886,-1.4849107753826178,3.467012054611724
-2.650969808393012,0.9726099509317998,0.6844721153929894
1.0915068519224618,0.8989977177466906,7.112630349220454
1.246085192497629,-0.8162378680144221,5.295567015914314
-2.0733902324081495,0.39861436117738314,2.4317741337994425
-0.34268759408034877,0.06456318881164502,0.3290563623553098
-0.37144086599579146,-1.0000469484419896,2.0830611776333026
-1.4075116947178212,-0.2008668393414872,0.3576215691752569
-0.7778166875908753,-2.123785926278249,-2.26854868791178
-1.1105758454658288,0.958229307712442,3.39698882922953
1.7522704434236227,-0.8041447454008295,3.719630196737256
0.9356783931474612,0.5944996485152884,7.975931880965899
1.2715550949941588,-0.47925837244127334,3.7813799779102677
0.7216720640432351,0.8810078206065002,3.605431480511516
-1.1290517712172292,-0.31414330268532226,-0.1089239741359459
-0.5245202662797737,-0.7812987167121554,1.00801160077698
0.48937456122791806,0.8940503451490971,7.980592100734171
-1.2221278088919454,-0.25446186649578373,1.8640739235681818
0.7129984301723881,0.9099956514135601,4.188418390591614
-0.24032539815813503,0.2369589411593297,8.08380961843924
-0.3748208075495975,-1.4349922952706862,0.09733482009019068
0.7109599682034915,0.8984326157600531,8.414086659823374
0.44426331148603976,0.48301630716156363,4.328998714397729
-0.3609661658190799,-0.7233362278388599,2.0785967850045592
1.159329803364248,-0.4815323019854635,5.4548671101122554
-1.0810633275998973,0.3963413611009909,4.607477154310648
0.6159356069442637,-0.807486624525107,4.4236667721226315
0.5931012579683838,0.39704975634174056,6.428145399782013
-0.3095464393139903,2.400831281360326,6.707169441361449
0.326133022242118,0.5816010653700413,3.508909580191137
-1.251113576385303,-1.6510916786938319,-1.513638701317223
0.924027019206901,0.8790239151355062,8.010344503763502
-0.18490213644298903,1.4187242105052085,5.114653814792719
-0.5227230205190395,0.5621235703259823,5.4705065413021785
1.0490092258368893,1.3355739902597987,10.14989531024729
-0.7043436905427592,2.32963117998165,4.7701049860023215
-1.4084612963635597,1.578559467085093,2.3705855820322865
-1.5566291735239037,0.45421792410598516,1.292741970115442
0.6060099513456396,0.9244596467754822,6.373159556947817
-1.280429352496283,0.48117468369825683,0.992571311117987
1.7547941819843647,0.9738440107325633,10.284284652175963
-2.081929407883722,-0.4177311089050193,-0.1102226065987193
1.6964563682900382,1.0761487064967874,7.775876061910111
0.2110174672026184,-0.26488833129851497,-0.08506950953015702
-0.09671311187039239,1.4721771427013168,3.1676529847420305
-0.5449190868089497,-0.5864706492666467,1.5716985718168943
0.39913611435207086,-0.9755953362267307,-2.6176777532350277
-0.037634702424848364,0.09998520001446021,5.168793165679792
1.1033018820165215,-2.1452931488037046,0.04805883667273253
0.11422764866203965,0.791498182115543,11.240523776413612
0.1503017614618776,0.9804813228785242,9.802247789182086
-0.36361221221385587,-0.23763004708253382,1.616423449019115
-0.056945623721067457,-0.09419548932933934,2.51351658069709
0.3078017688920592,2.2107103328383277,9.874286347018804
-1.7101683926566256,-0.6355200430538953,2.570052544743347
-1.348185422105713,-0.6895023466128489,-3.677340941256301
0.743264094022715,1.7893471444691254,4.120839499262949
0.17086543812794186,1.494867839508497,5.001964225100144
-0.18398333635267913,0.5466867299353635,4.982873621689437
0.01843393306539316,0.7434813128513322,5.5083607063159485
0.34758170536167105,1.7455048146714536,9.151925097353114
-0.5397596803093615,-0.5588405758377137,-1.3267157288700862
-0.7783047254023127,0.43378600302969295,-1.9321728079818365
0.19584525509768155,1.1191415219688088,7.24807931718843
-0.978372777615032,1.5103558806494106,2.8967600489458043
0.40825275571447184,0.5531710572304885,0.6817455192554087
-1.7025836042378404,-1.031404244919192,-1.326556404276381
1.0291556373256436,2.387032062670466,10.904148957766752
0.472597482413043,-1.3391262020302586,0.7865295553164927
0.25602973431387566,-0.8619789907446288,0.7443898476165773
0.9826909839455139,-0.1915636262999751,3.772184759026507
1.6654744444625766,2.029314216701562,8.815674575295422
1.0143700650181304,1.7092826628431863,5.244026199333234
-1.8408742313316453,0.3626408910931747,-0.46539091879198247
-1.2795769667357015,0.3788776685231009,2.880949696970279
-0.6248185776956788,0.07854075020005677,2.8632107166095953
0.026091050210833786,1.1390786658226015,5.6534135188950945
0.517659020469123,-2.99323664478959,-4.200281722582255
-0.7257438131534656,-0.1774229677024058,1.193532020593656
0.18676676447707832,0.7289207498079959,0.38386155344589934
-0.7553829323533225,-0.9004669986495845,0.42294493194162674
-0.6115178029919482,0.4811141261109317,5.902666963361076
-1.4066610968482223,0.29605182529744906,-1.4661522587616465
-0.9232332461109043,0.4038595518158714,1.2510138878298755
-1.3516846056163336,1.9119573849803102,5.454601418956379
-0.9758732529773327,-0.7928434106818747,2.456188568025219
1.0536417966078395,-1.0661541599949238,1.551705142321613
-0.949398888831943,0.18165373415409775,0.5547084765284884
2.632382064837391,0.23516979642185615,3.481066405267632
0.4933179008808892,0.1263007267142808,4.199454563366109
0.1848361236948739,-0.2818447952861208,6.797716675257558
-0.8583577801812136,-0.3244762059432036,1.6182278417711244
0.7003098794089914,1.2801684506922921,6.566243762130645
-0.5756378262377739,1.4495118489075072,5.679731579992325
0.12200981464536144,-0.43325201412404624,2.2943266858227456
2.5600845382687947,0.933072250213396,7.0802425633097235
-0.09605989972464987,-1.4325606351139157,1.6373487115406045
1.1492733262856758,0.1301339939730069,5.435701023598035
-0.7031764251258874,0.3987207149543602,2.777903296087204
-0.0349884904969617,1.0518587940451938,3.1005027977884447
1.77080063563551,0.3667980059249661,8.996812829172715
-0.6269670577877674,-0.4548272404953289,2.4793004229939113
1.8124485579969287,0.0792761045921366,4.771383371445062
0.7077519354554754,-0.18405820769411352,5.697161195158861
-0.5624667758942676,0.10094717367513761,1.3630525067384593
0.632407739055521,-0.48809884398300807,1.4084069355951916
0.9725544496267299,-1.4513145712451254,0.036796296989269894
0.6218099622171964,-0.8623890399911288,-1.3342002428326452
-1.5702247198904564,-0.9448867489800237,-0.3020258169593206
-0.7271371758248686,-0.5620642979480228,-2.877124116310049
-0.24751863555150475,-0.2600158443949848,-0.34819730464875187
-0.07443342910004629,-0.2764153121187589,-1.815656786044654
0.620672097550678,0.1332310281491359,4.0253308170425015
0.17770100093325383,0.17135834229660563,3.3086272654493483
-1.3353443587101013,-0.6913180131626144,-1.039044990763109
0.3801978510059632,-1.9555610424046455,-2.4259806976414984
0.6105857452838231,-0.6620164303983016,0.24737825025585147
0.5597904479310398,-0.44598304472767547,3.876459309534358
1.0807807255546218,-1.0806970675489744,1.3586730898170085
0.8339221545489041,-0.924600604722389,3.0343986654508677
0.4591800792284367,-1.672194867045186,-1.4261169874961621
-0.07016571145864703,-0.296533572264598,2.663809773824998
-1.6609609335159914,0.8516518431255437,4.818418360609227
0.42961821913258585,-0.3425567689873076,4.13164539150983
0.20768768716311115,-0.4999100135346126,1.486883867242481
0.27157883719537346,-0.49306421992675425,2.9356377566514062
-1.2767485758203094,-0.591028270622078,-0.5785097540350462
-1.0810565404082624,0.07515914374406815,1.5444938462651991
1.0531528533329035,-1.2244133000602242,1.4796805755818996
-0.03955515385665504,0.413600845407891,3.439198548260017
0.6815006973726244,-2.1838794203358556,0.07867891153557599
0.028318376130461172,0.17837389684683674,1.4125079587254639
0.02975613949574519,0.3117631635277132,1.6364028823190875
0.9382838059759977,1.134429859199008,3.8992003196995904
-0.5160447282173739,2.6627032570731863,4.350797212812892
0.09612077694098337,-0.004403358887323849,0.7008090631958686
-0.4622752887050425,-1.760911793148424,-0.896311505746153
-0.4344962274323156,-0.9970340852170456,-1.4313875425663327
-0.30917212346863937,-2.5683143049691965,-1.5731578666791597
0.22213377163371284,0.05296357620898083,3.508555307373655
-0.4787486216634773,-0.5786935453857918,-2.812518450142907
1.2557561255735208,0.12479492454409502,6.443175205891851
-0.8946073022195039,-0.10202111755747717,3.0756441027392096
-0.18687164416135904,-0.3582964416369664,0.01537430081432234
-0.4397310582741749,-0.5621613354116287,2.056463827555463
1.4469778843537329,2.5449616659810435,8.547393683674288
0.19655477651157463,0.12717689181485425,3.7445267018937414
1.0318445394686349,1.6982917195262857,5.415353434345594
-1.485560373036972,0.36855564941062285,-2.077442165803366
0.26705026586925884,-0.5938409733292663,1.4472590729194184
0.889630795623437,0.009156487696309668,4.105301276278103
0.08228398927542419,0.2882321788024043,2.9045309542887368
1.0654803750653512,-2.421262342921202,-2.6123652396894963
-0.5172884501003722,-0.3445118776969089,0.7352454451933498
1.40934744018558,0.8835839126637057,7.41977849076725
2.2988981236192503,-0.1613251743781448,6.035910776427512
-0.36283856043965906,-1.730191137215305,-0.6396380538916717
-0.4455025214007718,0.031922885405894386,1.0553615878021654
1.453384477117701,1.9250758410401958,11.373664227189263
1.5795721457307124,0.7016921768132964,4.4203958991131
-0.5228600271532683,0.6434621805071032,4.477754914457741
-0.42018681709585726,0.9021552109159557,6.537812382108049
-0.2817846088605072,-0.357082208895628,2.824974854415774
-1.344450511034277,-1.3497643751984403,-2.121252971077956
-0.9186519464841982,-0.8078579224978035,-1.0502878580478627
-1.0041407667520679,2.03945708546482,7.644878322894051
-0.7677975651041284,-0.1304309992283921,-1.2585081966363227
-0.03468488738678118,-0.549602666695237,-0.09148118522993309
0.23421473253652075,-0.11908643367182975,2.3180337004776783
1.5505004928140769,1.3322734859126761,10.465605226070464
-0.998354040738791,1.6802387682503248,5.622481747474255
0.9843223984765838,2.2021652381259034,6.944722556946192
-0.21398884422550896,-0.26310363903632117,1.5321940448192866
-0.04946370965243295,0.23135573302762968,2.159869613384021
0.6748194921666038,-2.457567072169611,-2.322482890556386
-1.1227220215622986,1.2025719722477937,5.6788400292656975
0.3824097461840506,-1.1213571006973777,-1.4125858406456908
0.1664522082130561,0.2967037597613293,7.06064754331099
0.4924512640081491,-1.6111400980958233,2.1728560801898227
0.2891686439078181,0.04398709369365428,5.7034504944564315
2.4553001399108942,-1.2703498551569508,3.216371475501923
-0.637739984251316,-0.12314666041244948,1.4972152646399086
-0.5309969550018176,-0.32552552221313613,-1.3138501059784227
-0.6231405264247644,-0.8713824498469787,-0.7268005034647098
-0.5554771191602547,1.7209893580850633,6.596072732716046
-0.6373871273065177,-1.70168120894076,1.2326830147214958
1.1890165311075518,0.6801185138188677,3.92944819069416
1.4205042479898549,1.7182503113270475,7.836245120668346
-0.5707462937494763,-0.8485064690517184,0.14426918080730405
-0.8323555731042287,-0.021686240715437455,-1.0834842454721882
0.4714155563864041,-0.35554788247972724,4.178726053136952
-0.5522230442809712,1.3240720230006386,3.3718288160946024
0.6329318177555108,0.32426855033896806,4.207154124957154
0.2029230208512997,-0.5983686653428724,1.2037484567674497
-1.515744114997232,0.8892807877679307,0.9262683916006649
1.5475052013300616,-0.7055477895603168,3.8960722519133495
1.7958776730955217,-0.19290647617614243,4.876784400154953
-0.6127886904843862,1.0607774291408438,3.4586560579977768
-0.38770155993598415,-1.1390544651567214,-1.3165845135781047
0.28586539072490497,-0.32231269627640236,3.423222035100463
0.334456789987025,-0.32332835386966563,6.162263014225776
0.6585442726728304,-0.010665878761688896,4.246259117164122
2.0102045387663496,1.0235733585117694,10.054689954995322
-0.1769472274940494,-1.1901600812717628,-2.4261848540915247
-0.7982972445384537,0.3509261884071166,2.8199293885940917
-1.3793192280145272,-2.241044160694939,-5.745803801353802
-0.7309300399419191,-0.19478746452252965,-1.4398198440217407
-0.033126972873797095,0.6240954401889022,2.7197576061490367
1.7945578635177877,-0.2118415115868556,7.651952440930115
-0.5176112990361714,-1.217590388078747,1.68843393262754
0.2237879516388985,-0.7723904933411501,2.276910384884847
-0.016422896072752075,-0.549526367784102,-1.1890881994571938
1.188393273448084,-0.590264051654469,3.2095005040873144
2.5269324258736217,-1.7558054167762434,3.8821878230614173
-0.5308687729203206,-1.3129087408609503,-0.07104818194518586
-0.48943944251822213,-1.2240396137971365,-3.8698255583330976
1.044160877069072,0.16145445647710494,3.1085145325180745
0.6818914896263114,-2.760707721204698,-1.6267337362673624
1.8467073257360336,-0.3596495967418272,6.123343614154775
0.5839281853259639,-0.9310496164782442,-2.3784625971674354
-0.35929209078705954,1.6003683004404927,5.337550513740679
0.5906548306923093,-0.6219414852483217,2.9281968152997253
1.1087035805829077,0.37576284930178894,7.1138050465103655
0.820482181197364,0.41439926408931305,6.445236968449546
0.5072740311072977,-2.1273553449017317,0.6713429944750935
1.066674689589154,0.550014271368453,4.100159563716769
1.1692955904456728,0.16059160349337254,1.2591223184086386
1.3821589910375272,0.4640871600719219,5.215307292577332
0.6487098875896427,3.741232191495263,13.458792864792109
-0.16711808031685435,-2.2135109708321394,1.1092099929093024
0.14671368643332283,2.524020235013467,9.689209204272489
1.2065089665083568,-0.00698779542973621,5.654469504506531
-0.8169356709872361,0.1395887453884291,2.8130532810679347
0.3686733088729012,0.3029649569541257,3.0467023836960427
-0.3933388123273607,-0.5911460782760485,0.9675790378496221
0.028744822934817487,0.016729390554561907,6.414715067164012
1.2784518626072987,0.5143298316720561,4.061221445671308
0.19109906801990334,-1.5708247686737935,3.3745566461019707
0.04643654815614881,0.9744376304269043,4.374473774103915
-1.3598561409799192,-1.2016324809195036,1.2078150448812708
0.7462535660272207,-1.6934530734952604,-2.0811558169447664
0.6454841811410754,-1.0469753611953414,3.0460839516502287
2.16325472330546,1.3286207642444263,7.428583341551798
-0.30777823495300083,0.33092241272632283,0.3696430891747693
0.21915032766393897,1.4741036913059364,6.714000958929673
0.24938368371075526,-0.4119307249950947,4.569157652767881
1.5774532797634744,1.008344087395848,5.692985217249914
-0.0952955323869521,-0.21502112828616537,-0.5710174760695614
0.27902152577033923,1.5772719334294005,6.3893866268444
0.6078965097165392,-0.569455821453335,2.5980624641137764
0.1866091231563581,0.3582310056323486,5.093014951108231
-0.44643361455052827,0.013995630246549748,4.257529981396283
0.19408999289830758,1.0598264930144508,5.291957612831375
1.073631749859772,-1.7084822927966243,4.904489668784935
-1.0265152994110602,1.118960440936048,4.14661742182609
0.132969674146876,-0.7310688089865849,1.0444638812333449
-0.7001208149391732,0.05543525494707702,-1.162445430720262
1.1950466289248425,1.1287938193233595,6.524838541401647
-1.5231869047837747,-0.2074518993665343,-0.37245804673100325
-0.5589218472715883,-1.381372804495123,1.3194812126653122
0.37721187506452086,0.07171107223047093,4.634207205191432
1.5655240292343404,2.12859787506147,7.246743550709217
-0.0657502610729878,1.9646234127255153,7.175130206663624
-0.5551995266931984,0.2543797952706881,4.019022643959685
1.8811570694405901,-0.20718991440560985,8.463418494125332
-1.448013900416244,-1.121896056618351,0.359194970967051
-2.198805956620082,0.902326381085685,3.028137135864203
0.4400144500533324,2.1982184660383117,8.176630596386948
-0.5020542243526112,0.7211855115534054,4.465913697424793
-1.0212328171307132,-0.4771107952219428,3.0129389852723625
0.7083564472993533,0.004297930522369514,1.4055757370344697
0.24380071377119883,-1.0965910000557606,0.4736404161113652
-0.5640786307367284,-0.3434795293254252,-0.07821450226842419
-1.2803043986708944,1.1505957803314983,4.1390412001089025
0.8724573282801447,-0.6623196629390935,5.444491017843605
0.650201177958661,0.7750432658233775,4.331439725142599
-0.09917586377938291,-0.3620992437465166,-2.6535710181009833
1.8466369960476658,0.634842973149586,6.215199950321731
-1.0700847663261526,-1.3324965578374843,0.5568271988706155
-1.5255251709247388,0.2737596465849943,2.33449134268264
-0.6919080698812444,-3.0057673777432123,-3.1930243646871386
-0.045586016355497805,0.3761289672240992,3.1238923061659922
0.24333944932269183,-1.6561701055093832,-2.5053925094743015
-0.24123605785632987,0.3194782824433753,4.307691121351191
0.3520553965142968,1.4083681031215072,4.676255680945211
-1.251539424190444,0.013804831534771578,5.518493993544789
1.4437646040732595,1.1941230578349702,8.694907438488862
-0.0821511783925688,-1.2467471678465833,-0.778017708389922
1.1172958315881276,2.434582244500967,8.32233774160687
0.34272534637770413,-0.135645542728963,3.056908520881454
0.4567532191537839,1.3323189796110508,5.870763943909278
0.5697672802322039,1.66364855171597,9.415615574840153
0.44770856001731496,-0.9946740553470543,2.0550470688199565
0.6427227598675439,-0.8519611618358167,0.796898338312626
1.3291525301324314,-0.46581268581087193,7.842984793888468
0.19652116970147013,-0.2684164938743461,2.8565654298439584
0.7090037575885123,-0.7339498497852243,4.1332852887501135
-0.08973569428722672,1.5008853000970492,4.65071404387374
1.4401172154494728,-0.21406405974220724,5.458278959178842
-0.6763923020592697,0.2538357582032165,3.115303045603919
1.8009404329108156,-0.6459880082404365,0.6301360486930445
-0.04015795064434341,-1.9180574407248576,3.13419841350505
-1.4307751021180481,0.8369424068249544,5.109011082317931
0.12810441491078928,-1.615476614279346,-0.8331872384844833
-0.6810516574748808,-1.5388283634176088,-3.3037736939592497
0.8406435489887241,-1.04036465056793,2.87535924995433
-0.6526239793023909,2.0846440965901953,6.363747623055597
-0.4461834332147797,0.902008343951773,4.846079435207836
-1.889540730945531,-0.0885054352729625,0.37183282542395796
-0.4523063192490767,1.8257630376476754,6.985548575033588
-2.4238793266289567,-0.3725527464043069,1.5136869160315638
-1.5839028234857233,0.15704054475828844,2.0744332645452843
0.7604146561442974,0.40333657728098105,2.8479841409585256
0.7858001586508322,-0.221808285936973,6.460209371527206
0.42545756178496474,0.5825444177123026,8.084504305078628
-0.966976143129213,0.4191334904848197,8.69191623529999
-0.047711356141979855,0.7199203990164027,2.1212856973406393
-0.0036025390905684044,-1.1783249135402527,1.1237103905841919
-1.1583646891925428,-0.7035035852308172,-4.308751610628423
1.5033983017671506,0.2398389598282744,6.841073685065693
0.8773622905756714,0.35146151783413043,3.922565875198223
-0.22096417382966393,-1.4509445222854,3.6135562843346105
0.02688583899453078,2.6276379479153915,6.746374714285415
0.20838280794755248,1.916598817867414,3.7674057717216343
-2.0417348684242906,0.9792639852992706,0.953398186557066
-0.24717738252059693,0.6664935470210662,0.011245477826962169
-0.6819842479977986,0.1419429536993802,3.763108444416683
-1.0016200098949155,-0.7761943562514442,-4.1849848198579025
-0.2811002928859549,0.6125556376770762,3.8603759983915373
1.7976865268495226,0.24449191051822064,2.0298899715983314
0.6408428612670098,-1.6826979010954832,-0.044727119363735524
-0.5711789897827968,0.2526429352730155,5.935273697480904
0.5725827813561586,-0.5277103712279733,3.524749212449881
